vote_code,vote_description,vote_date,bill,bill_number,vote_type,pmb_sponsor_1,pmb_sponsor_2,pmb_sponsor_3,pmb_sponsor_4
P42S1V001,"On Throne Speech Debate – July 19, 2018 [28-29].",7/19/2018,0,,1,,,,
P42S1V002,"Time Allocation on Bill 2, Urgent Priorities Act, 2018/Loi de 2018 portant sur les priorités urgentes – July 24, 2018 [34-35].",7/24/2018,1,2,1,,,,
P42S1V003,"Bill 2, Urgent Priorities Act, 2018/Loi de 2018 portant sur les priorités urgentes – on motion for Second Reading – July 25, 2018 [37-38].",7/25/2018,1,2,1,,,,
P42S1V004,"Bill 2, Urgent Priorities Act, 2018/Loi de 2018 portant sur les priorités urgentes – on motion for Third Reading – July 25, 2018 [39-40].",7/25/2018,1,2,1,,,,
P42S1V005,"Private Members' Business: Federal immigration funding, Mrs. Fee – July 26, 2018 [43-44].",7/26/2018,0,,2,,,,
P42S1V006,"Bill 5, Better Local Government Act, 2018/Loi de 2018 sur l’amélioration des administrations locales, on motion for Introduction and First Reading – July 30, 2018 [45-46].",7/30/2018,1,5,1,,,,
P42S1V007,"Private Members' Business: Municipal and regional elections, Ms. Horwath – August 2, 2018 [53-54].",8/2/2018,0,,2,,,,
P42S1V008,"Bill 19, Zebra Mussel Survey Act, 2018/Loi de 2018 sur le décompte des moules zébrées – on motion for Introduction and First Reading – August 7, 2018 [58-59].",8/7/2018,1,19,2,"Bisson, Gilles",,,
P42S1V009,"House meeting schedule revised to begin afternoon proceedings at 1:00 p.m. instead of 3:00 p.m. – August 7, 2018 [59-60].",8/7/2018,0,,3,,,,
P42S1V010,"Bill 20, Waterways Analysis Act, 2018/Loi de 2018 sur l’analyse des cours d’eau – on motion for Introduction and First Reading – August 8, 2018 [62-63].",8/8/2018,1,20,2,"Bisson, Gilles",,,
P42S1V011,"Bill 21, Zebra Mussel Study Act, 2018/Loi de 2018 sur l’étude des moules zébrées – on motion for Introduction and First Reading – August 8, 2018 [63-64].",8/8/2018,1,21,2,"Bisson, Gilles",,,
P42S1V012,"Time Allocation on Amendment to amendment (Mr. Vanthof) – August 9, 2018 [67-68].",8/9/2018,0,,3,,,,
P42S1V013,"Bill 27, Waterways Examination Act, 2018/Loi de 2018 sur l’examen des cours d’eau – on motion for Introduction and First Reading – August 9, 2018 [71-72].",8/9/2018,1,27,2,"Bisson, Gilles",,,
P42S1V014,"Private Members' Business: Carding and street checks, Mr. Yarde – August 9, 2018 [72-73].",8/9/2018,0,,2,,,,
P42S1V015,"Private Members' Business: Mental health funding, Ms. Armstrong – August 9, 2018 [73-74].",8/9/2018,0,,2,,,,
P42S1V016,"Zebra Mussel Observation Act, 2018/Loi de 2018 sur l’observation des moules zébrées, on motion for Introduction and First Reading – August 13, 2018 [76-77].",8/13/2018,0,,2,,,,
P42S1V017,"Bill 29, Protecting Waterways from Zebra Mussels Act, 2018/Loi de 2018 sur la protection des cours d’eau contre les moules zébrées – on motion for Introduction and First Reading – August 13, 2018 [77-78].",8/13/2018,1,29,2,"Bisson, Gilles",,,
P42S1V018,"Time Allocation on Amendment (Mr. Bisson) – August 14, 2018 [79-81].",8/14/2018,0,,3,,,,
P42S1V019,"Time Allocation on Bill 5, Better Local Government Act, 2018/Loi de 2018 sur l’amélioration des administrations locales – August 14, 2018 [81-82].",8/14/2018,1,5,1,,,,
P42S1V020,"House shall stand adjourned until September 24, 2018 – August 14, 2018 [83].",8/14/2018,0,,3,,,,
P42S1V021,"Bill 5, Better Local Government Act, 2018/Loi de 2018 sur l’amélioration des administrations locales, on motion for Second Reading – August 14, 2018 [84-85].",8/14/2018,1,5,1,,,,
P42S1V022,"Bill 5, Better Local Government Act, 2018/Loi de 2018 sur l’amélioration des administrations locales, on motion for Third Reading – August 14, 2018 [85-86].",8/14/2018,1,5,1,,,,
P42S1V023,"Bill 31, Efficient Local Government Act, 2018/Loi de 2018 pour des administrations locales efficaces, on motion for Introduction and First Reading – September 12, 2018 [89].",9/12/2018,1,31,1,,,,
P42S1V024,"Private Members' Business: Basic Income Pilot Project, Miss Taylor – September 20, 2018 [111-112].",9/20/2018,0,,2,,,,
P42S1V025,"Select Committee on Financial Transparency appointment and terms of reference: Time Allocation on Amendment (Mr. Vanthof) – October 1, 2018 [124-125].",10/1/2018,0,,3,,,,
P42S1V026,"Select Committee on Financial Transparency appointment and terms of reference: Amendment (Mr. Bisson) – October 2, 2018 [126].",10/2/2018,0,,3,,,,
P42S1V027,"Time Allocation on Bill 4, Cap and Trade Cancellation Act, 2018/Loi de 2018 annulant le programme de plafonnement et d’échange Amendment (Mr. Bisson) – October 3, 2018 [133-134].",10/3/2018,1,4,3,,,,
P42S1V028,"Time Allocation on Bill 4, Cap and Trade Cancellation Act, 2018/Loi de 2018 annulant le programme de plafonnement et d’échange – October 3, 2018 [134-136]",10/3/2018,1,4,1,,,,
P42S1V029,"Time Allocation on Bill 36, Cannabis Statute Law Amendment Act, 2018/Loi de 2018 modifiant des lois en ce qui concerne le cannabis – October 3, 2018 [136-138].",10/3/2018,1,36,1,,,,
P42S1V030,"Bill 36, Cannabis Statute Law Amendment Act, 2018/Loi de 2018 modifiant des lois en ce qui concerne le cannabis, on motion for Second Reading – October 4, 2018 [141-142].",10/4/2018,1,36,1,,,,
P42S1V031,"Time Allocation on Standing Orders amendments for the 42nd Parliament: (Mr. Smith (Bay of Quinte)) – October 16, 2018 [146-147].",10/16/2018,0,,3,,,,
P42S1V032,"Opposition Day Matter: Hospital funding in Brampton, Ms. Horwath – October 16, 2018 [148-149].",10/16/2018,0,,4,,,,
P42S1V033,"Bill 36, Cannabis Statute Law Amendment Act, 2018/Loi de 2018 modifiant des lois en ce qui concerne le cannabis, on motion for Third Reading – October 17, 2018 [151].",10/17/2018,1,36,1,,,,
P42S1V034,"Standing Orders amendments for the 42nd Parliament – (motion, as amended): Amendment to amendment (Mme Des Rosiers) – October 17, 2018 [152-155].",10/17/2018,0,,3,,,,
P42S1V035,"Standing Orders amendments for the 42nd Parliament – (motion, as amended): Amendment (Mme Gélinas) – October 17, 2018 [155-156].",10/17/2018,0,,3,,,,
P42S1V036,"Time Allocation on Standing Orders amendments for the 42nd Parliament: (Mr. Bethlenfalvy) – October 22, 2018 [161-162].",10/22/2018,0,,3,,,,
P42S1V037,"Standing Orders amendments for the 42nd Parliament – (motion, as amended) – October 22, 2018 [163-165].",10/22/2018,0,,3,,,,
P42S1V038,"Bill 47, Making Ontario Open for Business Act, 2018/Loi de 2018 pour un Ontario ouvert aux affaires, on motion for Introduction and First Reading – October 23, 2018 [168].",10/23/2018,1,47,1,,,,
P42S1V039,"Time Allocation on Bill 34, Green Energy Repeal Act, 2018/Loi de 2018 abrogeant la Loi sur l’énergie verte – October 24, 2018 [170-172].",10/24/2018,1,34,1,,,,
P42S1V040,"Bill 34, Green Energy Repeal Act, 2018/Loi de 2018 abrogeant la Loi sur l’énergie verte, on motion for Second Reading – October 25, 2018 [175-176].",10/25/2018,1,34,1,,,,
P42S1V041,"Time Allocation on Bill 32, Access to Natural Gas Act, 2018/Loi de 2018 sur l’accès au gaz naturel – October 25, 2018 [176-177].",10/25/2018,1,32,1,,,,
P42S1V042,"Bill 37, Liability for Climate-Related Harms Act, 2018/Loi de 2018 sur la responsabilité à l’égard des dommages liés au climat, on motion for Second Reading – October 25, 2018 [178-179].",10/25/2018,1,37,2,"Tabuns, Peter",,,
P42S1V043,"Private Members' Business: Select Committee on the use of the Notwithstanding Clause, Mr. Fraser – October 25, 2018 [179-180].",10/25/2018,0,,2,,,,
P42S1V044,"Opposition Day Matter: Post-secondary expansion in Brampton, Markham and Milton, Ms. Horwath – October 29, 2018 [181-182].",10/29/2018,0,,4,,,,
P42S1V045,"Bill 4, Cap and Trade Cancellation Act, 2018/Loi de 2018 annulant le programme de plafonnement et d’échange, on motion for Third Reading – October 31, 2018 [185-186].",10/31/2018,1,4,1,,,,
P42S1V046,"Bill 44, Ending Automobile Insurance Discrimination in the Greater Toronto Area Act, 2018/Loi de 2018 mettant fin à la discrimination en matière d’assurance-automobile dans le Grand Toronto, on motion for Second Reading – November 1, 2018 [191].",11/1/2018,1,44,2,"Singh, Gurratan",,,
P42S1V047,"Bill 45, Child Care and Early Years Amendment Act (Not-for-Profit Corporations), 2018/Loi de 2018 modifiant la Loi sur la garde d’enfants et la petite enfance (organisations sans but lucratif), on motion for Second Reading – November 1, 2018 [192].",11/1/2018,1,45,2,"Begum, Doly",,,
P42S1V048,"Time Allocation on Amendment (Ms. Armstrong) – November 12, 2018 [194-195].",11/12/2018,0,,3,,,,
P42S1V049,"Time Allocation on Bill 47, Making Ontario Open for Business Act, 2018/Loi de 2018 pour un Ontario ouvert aux affaires – November 12, 2018 [195-197].",11/12/2018,1,47,1,,,,
P42S1V050,"Opposition Day Matter: Long-term care spaces and waitlists, Ms. Horwath – November 12, 2018 [198-199].",11/12/2018,0,,4,,,,
P42S1V051,"Bill 47, Making Ontario Open for Business Act, 2018/Loi de 2018 pour un Ontario ouvert aux affaires, on motion for Second Reading – November 12, 2018 [199-200].",11/12/2018,1,47,1,,,,
P42S1V052,"Bill 57, Restoring Trust, Transparency and Accountability Act, 2018/Loi de 2018 visant à rétablir la confiance, la transparence et la responsabilité – on motion for Introduction and First Reading – November 15, 2018 [206].",11/15/2018,1,57,1,,,,
P42S1V053,"Bill 46, Terrorist Activities Sanctions Act, 2018/Loi de 2018 punissant de sanctions les activités terroristes – on motion for Second Reading – November 15, 2018 [207-208].",11/15/2018,1,46,2,"Smith, Dave",,,
P42S1V054,"Bill 47, Making Ontario Open for Business Act, 2018/Loi de 2018 pour un Ontario ouvert aux affaires, on motion for Third Reading – November 21, 2018 [213-214].",11/21/2018,1,47,1,,,,
P42S1V055,"Opposition Day Matter: Take-home cancer drugs, Ms. Horwath – November 21, 2018 [215-216].",11/21/2018,0,,4,,,,
P42S1V056,"Bill 49, Charter Rights Transparency Act, 2018/Loi de 2018 sur la transparence relative aux droits garantis par la Charte, on motion for Second Reading – November 22, 2018 [218].",11/22/2018,1,49,2,"Des Rosiers, Nathalie",,,
P42S1V057,"Evening meeting periods – November 26, 2018 [220-221] ",11/26/2018,0,,3,,,,
P42S1V058,"Time Allocation on Amendment (Ms. Thompson) – November 28, 2018 [226].",11/28/2018,0,,3,,,,
P42S1V059,"Time Allocation on Bill 57, Restoring Trust, Transparency and Accountability Act, 2018/Loi de 2018 visant à rétablir la confiance, la transparence et la responsabilité – (motion, as amended) – November 28, 2018 [227-230].",11/28/2018,1,57,1,,,,
P42S1V060,"Opposition Day Matter: French Language Services Commissioner and the Université de l’Ontario français, Ms. Horwath – November 28, 2018 [231-232].",11/28/2018,0,,4,,,,
P42S1V061,"Bill 57, Restoring Trust, Transparency and Accountability Act, 2018/Loi de 2018 visant à rétablir la confiance, la transparence et la responsabilité – on motion for Second Reading – November 28, 2018 [233].",11/28/2018,1,57,1,,,,
P42S1V062,"Closure on Bill 34, Green Energy Repeal Act, 2018/Loi de 2018 abrogeant la Loi sur l’énergie verte – December 4, 2018 [246-247].",12/4/2018,1,34,1,,,,
P42S1V063,"Bill 34, Green Energy Repeal Act, 2018/Loi de 2018 abrogeant la Loi sur l’énergie verte, on motion for Third Reading – December 4, 2018 [247].",12/4/2018,1,34,1,,,,
P42S1V064,"Closure on Bill 32, Access to Natural Gas Act, 2018/Loi de 2018 sur l’accès au gaz naturel – December 5, 2018 [250].",12/5/2018,1,32,1,,,,
P42S1V065,"Bill 32, Access to Natural Gas Act, 2018/Loi de 2018 sur l’accès au gaz naturel, on motion for Third Reading – December 5, 2018 [250-251].",12/5/2018,1,32,1,,,,
P42S1V066,"House shall stand adjourned until February 19, 2019 – December 5, 2018 [252-253].",12/5/2018,0,,3,,,,
P42S1V067,"Bill 57, Restoring Trust, Transparency and Accountability Act, 2018/Loi de 2018 visant à rétablir la confiance, la transparence et la responsabilité – on motion for Third Reading – December 6, 2018 [256-257].",12/6/2018,1,57,1,,,,
P42S1V068,"Bill 67, Labour Relations Amendment Act (Protecting Ontario’s Power Supply), 2018/Loi de 2018 modifiant la Loi sur les relations de travail (protection de l’approvisionnement de l’Ontario en électricité), on motion for Second Reading – December 18, 2018 [263].",12/18/2018,1,67,1,,,,
P42S1V069,"Time Allocation on Bill 67, Labour Relations Amendment Act (Protecting Ontario’s Power Supply), 2018/Loi de 2018 modifiant la Loi sur les relations de travail (protection de l’approvisionnement de l’Ontario en électricité) – December 19, 2018 [265-266].",12/19/2018,1,67,1,,,,
P42S1V070,"Bill 67, Labour Relations Amendment Act (Protecting Ontario’s Power Supply), 2018/Loi de 2018 modifiant la Loi sur les relations de travail (protection de l’approvisionnement de l’Ontario en électricité), on motion for Third Reading – December 20, 2018 [268].",12/20/2018,1,67,1,,,,
P42S1V071,"Bill 48, Safe and Supportive Classrooms Act, 2019/Loi de 2019 pour des écoles sûres et axées sur le soutien – motion for Second Reading – February 19, 2019 [270-271].",2/19/2019,1,48,1,,,,
P42S1V072,"Time Allocation on -Bill 48, Safe and Supportive Classrooms Act, 2019/Loi de 2019 pour des écoles sûres et axées sur le soutien – February 21, 2019 [277-279].",2/21/2019,1,48,1,,,,
P42S1V073,"Private Members' Business: Electricity mandatory time-of-use pricing, Mr. Arthur – February 21, 2019 [280].",2/21/2019,0,,2,,,,
P42S1V074,"Bill 63, Right to Timely Mental Health and Addiction Care for Children and Youth Act, 2019/Loi de 2019 sur le droit des enfants et des jeunes à des soins de santé mentale et au traitement de la toxicomanies en temps opportune – on motion for Second Reading – February 21, 2019 [281].",2/21/2019,1,63,2,"Karpoche, Bhutila",,,
P42S1V075,"Bill 64, Noah and Gregory’s Law (Transition to Adult Developmental Services and Supports), 2019/Loi Noah et Gregory de 2019 (transition vers des services et soutiens à l’intention des adultes ayant une déficience intellectuelle) (Bill 64), on motion for Second Reading – February 21, 2019 [281-282].",2/21/2019,1,64,2,"Gretzky, Lisa",,,
P42S1V076,"Bill 74, The People’s Health Care Act, 2019/Loi de 2019 sur les soins de santé pour la population – on motion for Introduction and First Reading – February 26, 2019 [285-286].",2/26/2019,1,74,1,,,,
P42S1V077,"Closure on Bill 68, Comprehensive Ontario Police Services Act, 2019/Loi de 2019 sur la refonte complète des services de police de l’Ontario – February 28, 2019 [290].",2/28/2019,1,68,1,,,,
P42S1V078,"Private Members' Business: Youth employment and paid work opportunities, Mr. Hassan – February 28, 2019 [291-292].",2/28/2019,0,,2,,,,
P42S1V079,"Time Allocation on Bill 68, Comprehensive Ontario Police Services Act, 2019/Loi de 2019 sur la refonte complète des services de police de l’Ontario – March 5, 2019 [297-299].",3/5/2019,1,68,1,,,,
P42S1V080,"Time Allocation on Bill 66, Restoring Ontario’s Competitiveness Act, 2019/Loi de 2019 visant à rétablir la compétitivité de l’Ontario – March 5, 2019 [299-300].",3/5/2019,1,66,1,,,,
P42S1V081,"Bill 66, Restoring Ontario’s Competitiveness Act, 2019/Loi de 2019 visant à rétablir la compétitivité de l’Ontario – on motion for Second Reading – March 6, 2019 [305].",3/6/2019,1,66,1,,,,
P42S1V082,"Closure on Bill 74, The People’s Health Care Act, 2019/Loi de 2019 sur les soins de santé pour la population – March 21, 2019 [316-317].",3/21/2019,1,74,1,,,,
P42S1V083,"Bill 74, The People’s Health Care Act, 2019/Loi de 2019 sur les soins de santé pour la population –  on motion for Second reading – March 21, 2019 [317-318].",3/21/2019,1,74,1,,,,
P42S1V084,"Bill 76, United Nations Declaration on the Rights of Indigenous Peoples Act, 2019/Loi de 2019 relative à la Déclaration des Nations Unies sur les droits des peuples autochtones – on motion for Second Reading – March 21, 2019 [319-320].",3/21/2019,1,76,2,"Mamakwa, Sol",,,
P42S1V085,"Bill 42, Ending Discrimination in Automobile Insurance Act, 2019/Loi de 2019 mettant fin à la discrimination en matière d’assurance-automobile, on motion for Second Reading – March 21, 2019 [320-321].",3/21/2019,1,42,2,"Gill, Parm",,,
P42S1V086,"Bill 81, Supply Act, 2019/Loi de crédits de 2019 – on motion for Second Reading – March 25, 2019 [322].",3/25/2019,1,81,1,,,,
P42S1V087,"Bill 81, Supply Act, 2019/Loi de crédits de 2019 – on motion for Third Reading – March 25, 2019 [322-323].",3/25/2019,1,81,1,,,,
P42S1V088,"Bill 68, Comprehensive Ontario Police Services Act, 2019/Loi de 2019 sur la refonte complète des services de police de l’Ontario, on motion for Third Reading – March 26, 2019 [326-327].",3/26/2019,1,68,1,,,,
P42S1V089,"Time Allocation on Amendment (Mr. Bisson) – March 27, 2019 [329-330].",3/27/2019,0,,3,,,,
P42S1V090,"Time Allocation on Bill 74, The People’s Health Care Act, 2019/Loi de 2019 sur les soins de santé pour la population – March 27, 2019 [330-332].",3/27/2019,1,74,1,,,,
P42S1V091,"Private Members' Business: OSAP student loans and student debt, Mr. Glover – March 28, 2019 [337].",3/28/2019,0,,2,,,,
P42S1V092,"Closure on Bill 66, Restoring Ontario’s Competitiveness Act, 2019/Loi de 2019 visant à rétablir la compétitivité de l’Ontario – April 2, 2019 [340].",4/2/2019,1,66,1,,,,
P42S1V093,"Bill 66, Restoring Ontario’s Competitiveness Act, 2019/Loi de 2019 visant à rétablir la compétitivité de l’Ontario – on motion for Third Reading – April 2, 2019 [340-341].",4/2/2019,1,66,1,,,,
P42S1V094,"Closure on Bill 48, Safe and Supportive Classrooms Act, 2019/Loi de 2019 pour des écoles sûres et axées sur le soutien – April 3, 2019 [343-344].",4/3/2019,1,48,1,,,,
P42S1V095,"Private Members' Business: GO Transit rail service to Kitchener, Ms. Lindo – April 4, 2019 [348].",4/4/2019,0,,2,,,,
P42S1V096,"Time Allocation on Bill 87, Fixing the Hydro Mess Act, 2019/Loi de 2019 pour réparer le gâchis dans le secteur de l’électricité – (motion, as amended) – April 10, 2019 [354-356].",4/10/2019,1,87,1,,,,
P42S1V097,"Bill 74, The People’s Health Care Act, 2019/Loi de 2019 sur les soins de santé pour la population – on motion for adoption of the Report of the Standing Committee on Social Policy – April 10, 2019 [356-357].",4/10/2019,1,74,1,,,,
P42S1V098,"Bill 87, Fixing the Hydro Mess Act, 2019/Loi de 2019 pour réparer le gâchis dans le secteur de l’électricité, on motion for Second Reading – April 11, 2019 [360-361].",4/11/2019,1,87,1,,,,
P42S1V099,"Bill 74, The People’s Health Care Act, 2019/Loi de 2019 sur les soins de santé pour la population on closure April 18, 2019 [368].",4/18/2019,1,74,1,,,,
P42S1V100,"Bill 74, The People’s Health Care Act, 2019/Loi de 2019 sur les soins de santé pour la population – on motion for Third Reading – April 18, 2019 [369].",4/18/2019,1,74,1,,,,
P42S1V101,"Private Members' Business: Merrymount Family Support and Crisis Centre, Mr. Kernaghan – April 18, 2019 [370-371].",4/18/2019,0,,2,,,,
P42S1V102,"Bill 90, Lower Automobile Insurance Rates Act, 2019/Loi de 2019 pour des taux d’assurance-automobile plus bas, on motion for Second Reading – April 18, 2019 [371-372].",4/18/2019,1,90,2,"Rakocevic, Tom",,,
P42S1V103,"Opposition Day Matter: Education funding, Ms. Horwath – April 29, 2019 [374-375].",4/29/2019,0,,4,,,,
P42S1V104,"Bill 87, Fixing the Hydro Mess Act, 2019/Loi de 2019 pour réparer le gâchis dans le secteur de l’électricité, on motion for adoption of the Report of the Standing Committee on General Government – April 30, 2019 [377-378].",4/30/2019,1,87,1,,,,
P42S1V105,"On Budget Debate (2019-2020) Motion for approval – May 1, 2019 [380-381].",5/1/2019,0,,1,,,,
P42S1V106,"Time Allocation on Bill 100, Protecting What Matters Most Act (Budget Measures), 2019/Loi de 2019 pour protéger l’essentiel (mesures budgétaires) – May 1, 2019 [381-383].",5/1/2019,1,100,1,,,,
P42S1V107,"Bill 100, Protecting What Matters Most Act (Budget Measures), 2019/Loi de 2019 pour protéger l’essentiel (mesures budgétaires) – on motion for Second Reading – May 2, 2019 [385-386].",5/2/2019,1,100,1,,,,
P42S1V108,"Bill 107, Getting Ontario Moving Act (Transportation Statute Law Amendment), 2019/Loi de 2019 pour un Ontario en mouvement (modifiant des lois en ce qui concerne le transport), on motion for Introduction and First Reading – May 2, 2019 [386].",5/2/2019,1,107,1,,,,
P42S1V109,"Opposition Day Matter: Public health funding, Ms. Horwath – May 6, 2019 [390-391].",5/6/2019,0,,4,,,,
P42S1V110,"Closure on Bill 87, Fixing the Hydro Mess Act, 2019/Loi de 2019 pour réparer le gâchis dans le secteur de l’électricité – May 8, 2019 [395-396].",5/8/2019,1,87,1,,,,
P42S1V111,"Bill 87, Fixing the Hydro Mess Act, 2019/Loi de 2019 pour réparer le gâchis dans le secteur de l’électricité, on motion for Third Reading – May 8, 2019 [396-397].",5/8/2019,1,87,1,,,,
P42S1V112,"Opposition Day Matter: Climate change, Ms. Horwath – May 13, 2019 [404-405].",5/13/2019,0,,4,,,,
P42S1V113,"Time Allocation on Amendment (Mr. Harris) – May 15, 2019 [411-412].",5/15/2019,0,,3,,,,
P42S1V114,"Time Allocation on Bill 107, Getting Ontario Moving Act (Transportation Statute Law Amendment), 2019/Loi de 2019 pour un Ontario en mouvement (modifiant des lois en ce qui concerne le transport) – (motion, as amended) – May 15, 2019 [412-415].",5/15/2019,1,107,1,,,,
P42S1V115,"Bill 107, Getting Ontario Moving Act (Transportation Statute Law Amendment), 2019/Loi de 2019 pour un Ontario en mouvement (modifiant des lois en ce qui concerne le transport), on motion for Second Reading – May 16, 2019 [420-421].",5/16/2019,1,107,1,,,,
P42S1V116,"Bill 104, Tamil Genocide Education Week Act, 2019/Loi de 2019 sur la Semaine de sensibilisation au génocide des Tamouls – on motion for Second Reading – May 16, 2019 [422].",5/16/2019,1,104,2,"Thanigasalam, Vijay",,,
P42S1V117,"Time Allocation on Amendment (Mr. Bisson) – May 28, 2019 [428].",5/28/2019,0,,3,,,,
P42S1V118,"Time Allocation on Bill 108, More Homes, More Choice Act, 2019/Loi de 2019 pour plus de logements et plus de choix – May 28, 2019 [429-430].",5/28/2019,1,108,1,,,,
P42S1V119,"Bill 108, More Homes, More Choice Act, 2019/Loi de 2019 pour plus de logements et plus de choix, on motion for Second Reading – May 29, 2019 [434-435].",5/29/2019,1,108,1,,,,
P42S1V120,"Closure on Bill 100, Protecting What Matters Most Act (Budget Measures), 2019/Loi de 2019 pour protéger l’essentiel (mesures budgétaires) – May 29, 2019 [435-436].",5/29/2019,1,100,1,,,,
P42S1V121,"Bill 100, Protecting What Matters Most Act (Budget Measures), 2019/Loi de 2019 pour protéger l’essentiel (mesures budgétaires) – on motion for Third Reading – May 29, 2019 [436].",5/29/2019,1,100,1,,,,
P42S1V122,"Private Members' Business: Accessibility plan of action, Mr. Harden – May 30, 2019 [439].",5/30/2019,0,,2,,,,
P42S1V123,"Time Allocation on Bill 115, Bringing Choice and Fairness to the People Act (Beverage Alcohol Retail Sales), 2019/Loi de 2019 visant à offrir à la population plus de choix et un accès équitable en matière de vente au détail de boissons alcooliques – June 4, 2019 [446-447].",6/4/2019,1,115,1,,,,
P42S1V124,"Time Allocation on Bill 117, Ontario Society for the Prevention of Cruelty to Animals Amendment Act (Interim Period), 2019/Loi de 2019 modifiant la Loi sur la Société de protection des animaux de l’Ontario (période intermédiaire) – June 4, 2019 [447-448].",6/4/2019,1,117,1,,,,
P42S1V125,"Bill 107, Getting Ontario Moving Act (Transportation Statute Law Amendment), 2019/Loi de 2019 pour un Ontario en mouvement (modifiant des lois en ce qui concerne le transport), on motion for Third Reading – June 4, 2019 [448-449].",6/4/2019,1,107,1,,,,
P42S1V126,"Bill 108, More Homes, More Choice Act, 2019/Loi de 2019 pour plus de logements et plus de choix, on motion for adoption of the Report of the Standing Committee on Justice Policy – June 4, 2019 [450].",6/4/2019,1,108,1,,,,
P42S1V127,"Bill 115, Bringing Choice and Fairness to the People Act (Beverage Alcohol Retail Sales), 2019/Loi de 2019 visant à offrir à la population plus de choix et un accès équitable en matière de vente au détail de boissons alcooliques, on motion for Second Reading – June 5, 2019 [452-453].",6/5/2019,1,115,1,,,,
P42S1V128,"Bill 124, Protecting a Sustainable Public Sector for Future Generations Act, 2019/Loi de 2019 visant à préserver la viabilité du secteur public pour les générations futures – on motion for Introduction and First Reading – June 5, 2019 [453-454].",6/5/2019,1,124,1,,,,
P42S1V129,"Bill 115, Bringing Choice and Fairness to the People Act (Beverage Alcohol Retail Sales), 2019/Loi de 2019 visant à offrir à la population plus de choix et un accès équitable en matière de vente au détail de boissons alcooliques, on motion for Third Reading – June 6, 2019 [458-459].",6/6/2019,1,115,1,,,,
P42S1V130,"Bill 108, More Homes, More Choice Act, 2019/Loi de 2019 pour plus de logements et plus de choix, on motion for Third Reading – June 6, 2019 [459-460].",6/6/2019,1,108,1,,,,
P42S1V131,"House shall stand adjourned until October 28, 2019 at 10:30 a.m. – June 6, 2019 [462-463].",6/6/2019,0,,3,,,,
P42S1V132,"Time Allocation on Bill 124, Protecting a Sustainable Public Sector for Future Generations Act, 2019/Loi de 2019 visant à préserver la viabilité du secteur public pour les générations futures – October 31, 2019 [476-478].",10/31/2019,1,124,1,,,,
P42S1V133,"Bill 133, Buy in Canada for Mass Transit Vehicles Act, 2019/Loi de 2019 favorisant l’achat de véhicules de transport collectif au Canada, on motion for Second Reading – October 31, 2019 [479].",10/31/2019,1,133,2,"Gravelle, Michael",,,
P42S1V134,"Private Members' Business: Opioid overdose crisis in Northern Ontario, Mr. West – October 31, 2019 [479-480].",10/31/2019,0,,2,,,,
P42S1V135,"Bill 130, Combatting Litter for the Environment and Nature Act, 2019/Loi de 2019 visant à lutter contre les détritus afin de protéger l’environnement et la nature, on motion for Second Reading – October 31, 2019 [480-481].",10/31/2019,1,130,2,"Khanjin, Andrea",,,
P42S1V136,"Bill 124, Protecting a Sustainable Public Sector for Future Generations Act, 2019/Loi de 2019 visant à préserver la viabilité du secteur public pour les générations futures – on motion for Second Reading – October 31, 2019 [481-482].",10/31/2019,1,124,1,,,,
P42S1V137,"Opposition Day Matter: Peel Memorial Centre, Ms. Horwath – November 4, 2019 [484-485].",11/4/2019,0,,4,,,,
P42S1V138,"Time Allocation on Bill 132, Better for People, Smarter for Business Act, 2019/Loi de 2019 pour mieux servir la population et faciliter les affaires – November 7, 2019 [492-493].",11/7/2019,1,132,1,,,,
P42S1V139,"Bill 125, Making Northern Ontario Highways Safer Act, 2019/Loi de 2019 visant à accroître la sécurité des voies publiques dans le nord de l’Ontario, on motion for Second Reading – November 7, 2019 [494-495].",11/7/2019,1,125,2,"Bourgouin, Guy",,,
P42S1V140,"Private Members' Business: Automated External Defibrillators, Mrs. Tangri – November 7, 2019 [495-496].",11/7/2019,0,,2,,,,
P42S1V141,"Bill 132, Better for People, Smarter for Business Act, 2019/Loi de 2019 pour mieux servir la population et faciliter les affaires, on motion for Second Reading – November 7, 2019 [496-497].",11/7/2019,1,132,1,,,,
P42S1V142,"Bill 124, Protecting a Sustainable Public Sector for Future Generations Act, 2019/Loi de 2019 visant à préserver la viabilité du secteur public pour les générations futures – on motion for Third Reading – November 7, 2019 [497-498].",11/7/2019,1,124,1,,,,
P42S1V143,"Opposition Day Matter: Modernisation de la Loi sur les services en français, Ms. Horwath – November 20, 2019 [505-506].",11/20/2019,0,,4,,,,
P42S1V144,"Bill 147, Public Safety Related to Dogs Statute Law Amendment Act, 2019/Loi de 2019 modifiant des lois en ce qui a trait à la sécurité publique liée aux chiens – on motion for Second Reading – November 21, 2019 [509].",11/21/2019,1,147,2,"Nicholls, Rick",,,
P42S1V145,"Time Allocation on Bill 138, Plan to Build Ontario Together Act, 2019/Loi de 2019 sur le plan pour bâtir l’Ontario ensemble – November 26, 2019 [515-517].",11/26/2019,1,138,1,,,,
P42S1V146,"Bill 136, Provincial Animal Welfare Services Act, 2019/Loi de 2019 sur les services provinciaux visant le bien-être des animaux – on motion for Second Reading – November 27, 2019 [526-527]",11/27/2019,1,136,1,,,,
P42S1V147,"Bill 138, Plan to Build Ontario Together Act, 2019/Loi de 2019 sur le plan pour bâtir l’Ontario ensemble – on motion for Second Reading – November 27, 2019 [527-528].",11/27/2019,1,138,1,,,,
P42S1V148,"Standing Orders amendments: Amendment (Mr. Harris) – November 27, 2019 [528-529].",11/27/2019,0,,3,,,,
P42S1V149,"Time Allocation on Bill 116, Foundations for Promoting and Protecting Mental Health and Addictions Services Act, 2019/Loi de 2019 sur les bases nécessaires à la promotion et à la protection des services de santé mentale et de lutte contre les dépendances – November 28, 2019 [533-534].",11/28/2019,1,116,1,,,,
P42S1V150,"Bill 123, Reserved Parking for Electric Vehicle Charging Act, 2019/Loi de 2019 sur le stationnement réservé à la recharge des véhicules électriques – on motion for Second Reading – November 28, 2019 [536-537].",11/28/2019,1,123,2,"Coe, Lorne","Schreiner, Mike",,
P42S1V151,"Bill 152, Occupational Safety and Health Day Act, 2019/Loi de 2019 sur la Journée de la sécurité et de la santé au travail – on motion for Second Reading – November 28, 2019 [537-538].",11/28/2019,1,152,2,"McKenna, Jane",,,
P42S1V152,"Private Members' Business: Anti-Black racism, Ms. Singh (Brampton Centre) – November 28, 2019 [538].",11/28/2019,0,,2,,,,
P42S1V153,"Bill 116, Foundations for Promoting and Protecting Mental Health and Addictions Services Act, 2019/Loi de 2019 sur les bases nécessaires à la promotion et à la protection des services de santé mentale et de lutte contre les dépendances, on motion for Second Reading – December 3, 2019 [544-545].",12/3/2019,1,116,1,,,,
P42S1V154,"Closure on Amendment to the amendment to the motion, as amended, regarding amendments to the Standing Orders – December 4, 2019 [548].",12/4/2019,0,,3,,,,
P42S1V155,"Standing Orders amendments – (motion, as amended) – December 4, 2019 [548-563].",12/4/2019,0,,3,,,,
P42S1V156,"Bill 144, Northern Health Travel Grant Advisory Committee Act, 2019/Loi de 2019 sur le Comité consultatif des subventions aux résidents du Nord de l’Ontario pour frais de transport à des fins médicales – on motion for Second Reading – December 5, 2019 [567-568].",12/5/2019,1,144,2,"Monteith-Farrell, Judith",,,
P42S1V157,"Bill 138, Plan to Build Ontario Together Act, 2019/Loi de 2019 sur le plan pour bâtir l’Ontario ensemble – on motion for Third Reading – December 10, 2019 [572].",12/10/2019,1,138,1,,,,
P42S1V158,"Bill 132, Better for People, Smarter for Business Act, 2019/Loi de 2019 pour mieux servir la population et faciliter les affaires, on motion for Third Reading – December 10, 2019 [573].",12/10/2019,1,132,1,,,,
P42S1V159,"Private Members' Business: Transit funding for municipalities, Ms. Bell – December 12, 2019 [585-586].",12/12/2019,0,,2,,,,
P42S1V160,"Bill 150, Ensuring Transparency and Integrity in Political Party Elections Act, 2019/Loi de 2019 visant à assurer la transparence et l’intégrité des élections des partis politiques, on motion for Second Reading – December 12, 2019 [586-587].",12/12/2019,1,150,2,"Karahalios, Belinda C.",,,
P42S1V161,"Bill 145, Trust in Real Estate Services Act, 2020/Loi de 2020 sur la confiance envers les services immobiliers – on motion for Third Reading – February 27, 2020 [606-607].",2/27/2020,1,145,1,,,,
P42S1V162,"Bill 168, Combating Antisemitism Act, 2020/Loi de 2020 sur la lutte contre l’antisémitisme, on motion for Second Reading – February 27, 2020 [608].",2/27/2020,1,168,2,"Bouma, Will","Martin, Robin",,
P42S1V163,"Closure on Bill 171, Building Transit Faster Act, 2020/Loi de 2020 sur la construction plus rapide de transport en commun – March 3, 2020 [612].",3/3/2020,1,171,1,,,,
P42S1V164,"Bill 171, Building Transit Faster Act, 2020/Loi de 2020 sur la construction plus rapide de transport en commun, on motion for Second Reading – March 3, 2020 [612-613].",3/3/2020,1,171,1,,,,
P42S1V165,"Closure on Bill 156, Security from Trespass and Protecting Food Safety Act, 2020/Loi de 2020 sur la protection contre l’entrée sans autorisation et sur la protection de la salubrité des aliments – March 4, 2020 [616].",3/4/2020,1,156,1,,,,
P42S1V166,"Bill 156, Security from Trespass and Protecting Food Safety Act, 2020/Loi de 2020 sur la protection contre l’entrée sans autorisation et sur la protection de la salubrité des aliments – on motion for Second Reading – March 4, 2020 [616-617].",3/4/2020,1,156,1,,,,
P42S1V167,"Concurence in Supply for the Ministry of Health and Long-Term Care (2019-2020) – March 5, 2020 [622-627].",3/5/2020,0,,1,,,,
P42S1V168,"Concurence in Supply for the Ministry of Education (2019-2020) – March 5, 2020 [622-627].",3/5/2020,0,,1,,,,
P42S1V169,"Concurence in Supply for the Ministry of Transportation (2019-2020) – March 5, 2020 [622-627].",3/5/2020,0,,1,,,,
P42S1V170,"Concurence in Supply for the Ministry of Infrastructure (2019-2020) – March 5, 2020 [622-627].",3/5/2020,0,,1,,,,
P42S1V171,"Concurence in Supply for the Ministry of Children, Community and Social Services (2019-2020) – March 5, 2020 [622-627].",3/5/2020,0,,1,,,,
P42S1V172,"Concurence in Supply for the Ministry of Environment, Conservation and Parks (2019-2020) – March 5, 2020 [622-627].",3/5/2020,0,,1,,,,
P42S1V173,"Concurence in Supply for the Ministry of Agriculture, Food and Rural Affairs (2019-2020) – March 5, 2020 [622-627].",3/5/2020,0,,1,,,,
P42S1V174,"Closure on Bill 161, Smarter and Stronger Justice Act, 2020/Loi de 2020 pour un système judiciaire plus efficace et plus solide – March 5, 2020 [627-628].",3/5/2020,1,161,1,,,,
P42S1V175,"Bill 161, Smarter and Stronger Justice Act, 2020/Loi de 2020 pour un système judiciaire plus efficace et plus solide – on motion for Second Reading – March 5, 2020 [628-629].",3/5/2020,1,161,1,,,,
P42S1V176,"Private Members' Business: Nuclear clean energy options, Ms. Park – March 5, 2020 [629-630].",3/5/2020,0,,2,,,,
P42S1V177,"Opposition Day Matter: Transit fare discount and operating subsidy, Ms. Horwath – March 9, 2020 [633-634].",3/9/2020,0,,4,,,,
P42S1V178,"Closure on Bill 175, Connecting People to Home and Community Care Act, 2020/Loi de 2020 pour connecter la population aux services de soins à domicile et en milieu communautaire – March 10, 2020 [635-636].",3/10/2020,1,175,3,,,,
P42S1V179,"Bill 175, Connecting People to Home and Community Care Act, 2020/Loi de 2020 pour connecter la population aux services de soins à domicile et en milieu communautaire, on motion for Second Reading – March 10, 2020 [636-637].",3/10/2020,1,175,1,,,,
P42S1V180,"Time Allocation on Bill 156, Security from Trespass and Protecting Food Safety Act, 2020/Loi de 2020 sur la protection contre l’entrée sans autorisation et sur la protection de la salubrité des aliments – March 11, 2020 [640-641].",3/11/2020,1,156,1,,,,
P42S1V181,"Bill 181, Supply Act, 2020/Loi de crédits de 2020 – on motion for Second Reading – March 12, 2020 [643-644].",3/12/2020,1,181,1,,,,
P42S1V182,"Bill 181, Supply Act, 2020/Loi de crédits de 2020 – on motion for Third Reading – March 12, 2020 [644-645].",3/12/2020,1,181,1,,,,
P42S1V183,"Opposition Day Matter: Public inquiry into long-term care system, Ms. Horwath – May 19, 2020 [668-669].",5/19/2020,0,,4,,,,
P42S1V184,"Bill 159, Rebuilding Consumer Confidence Act, 2020/Loi de 2020 visant à rétablir la confiance chez les consommateurs – on motion for Second Reading – May 27, 2020 [676-677].",5/27/2020,1,159,1,,,,
P42S1V185,"Bill 184, Protecting Tenants and Strengthening Community Housing Act, 2020/Loi de 2020 visant la protection des locataires et le renforcement du logement communautaire – on motion for Second Reading – May 27, 2020 [677].",5/27/2020,1,184,1,,,,
P42S1V186,"Closure on Amendment to the motion regarding the programming of certain House proceedings and Committee business – June 2, 2020 [679-680].",6/2/2020,0,,3,,,,
P42S1V187,"Programming of certain House proceedings and Committee business – June 2, 2020 [680-689].",6/2/2020,0,,3,,,,
P42S1V188,"Time Allocation on Bill 159, Rebuilding Consumer Confidence Act, 2020/Loi de 2020 visant à rétablir la confiance chez les consommateurs – June 16, 2020 [696-698] and Time Allocation on Bill 184, Protecting Tenants and Strengthening Community Housing Act, 2020/Loi de 2020 visant la protection des locataires et le renforcement du logement communautaire – June 16, 2020 [696-698].",6/16/2020,1,159,1,,,,
P42S1V189,"Bill 156, Security from Trespass and Protecting Food Safety Act, 2020/Loi de 2020 sur la protection contre l’entrée sans autorisation et sur la protection de la salubrité des aliments – on motion for Third Reading – June 17, 2020 [700-701].",6/17/2020,1,156,1,,,,
P42S1V190,"Bill 192, Protecting Small Business Act, 2020/Loi de 2020 visant à protéger les petites entreprises – on motion for Second Reading – June 17, 2020 [702-703].",6/17/2020,1,192,1,,,,
P42S1V191,"Bill 192, Protecting Small Business Act, 2020/Loi de 2020 visant à protéger les petites entreprises – on motion for Third Reading – June 17, 2020 [703].",6/17/2020,1,192,1,,,,
P42S1V192,"Closure on Bill 161, Smarter and Stronger Justice Act, 2020/Loi de 2020 pour un système judiciaire plus efficace et plus solide – July 6, 2020 [711].",7/6/2020,1,161,1,,,,
P42S1V193,"Closure on Bill 171, Building Transit Faster Act, 2020/Loi de 2020 sur la construction plus rapide de transport en commun – July 6, 2020 [713].",7/6/2020,1,171,1,,,,
P42S1V194,"Bill 161, Smarter and Stronger Justice Act, 2020/Loi de 2020 pour un système judiciaire plus efficace et plus solide – on motion for Third Reading – July 7, 2020 [714-715].",7/7/2020,1,161,1,,,,
P42S1V195,"Bill 171, Building Transit Faster Act, 2020/Loi de 2020 sur la construction plus rapide de transport en commun, on motion for Third Reading – July 7, 2020 [715-716].",7/7/2020,1,171,1,,,,
P42S1V196,"Closure on Bill 175, Connecting People to Home and Community Care Act, 2020/Loi de 2020 pour connecter la population aux services de soins à domicile et en milieu communautaire – July 8, 2020 [718-719].",7/8/2020,1,175,1,,,,
P42S1V197,"Bill 175, Connecting People to Home and Community Care Act, 2020/Loi de 2020 pour connecter la population aux services de soins à domicile et en milieu communautaire, on motion for Third Reading – July 8, 2020 [719].",7/8/2020,1,175,1,,,,
P42S1V198,"Bill 197, COVID-19 Economic Recovery Act, 2020/Loi de 2020 visant à favoriser la reprise économique face à la COVID-19, on motion for Introduction and First Reading – July 8, 2020 [720].",7/8/2020,1,197,1,,,,
P42S1V199,"Time Allocation on Bill 167, Legislative Assembly Amendment Act, 2020/Loi de 2020 modifiant la Loi sur l’Assemblée legislative – July 13, 2020 [722-723].",7/13/2020,1,167,1,,,,
P42S1V200,"Bill 159, Rebuilding Consumer Confidence Act, 2020/Loi de 2020 visant à rétablir la confiance chez les consommateurs – on motion for Third Reading – July 14, 2020 [729].",7/14/2020,1,159,1,,,,
P42S1V201,"Select Committee on Emergency Management Oversight appointment and terms of reference – July 15, 2020 [732-733].",7/15/2020,0,,3,,,,
P42S1V202,"Time Allocation on Bill 195, Reopening Ontario (A Flexible Response to COVID-19) Act, 2020/Loi de 2020 sur la réouverture de l’Ontario (mesures adaptables en réponse à la COVID-19) – July 21, 2020 [737-738] and Time Allocation on Bill 197, COVID-19 Economic Recovery Act, 2020/Loi de 2020 visant à favoriser la reprise économique face à la COVID-19 – July 21, 2020 [737-738].",7/21/2020,1,195,1,,,,
P42S1V203,"Closure on Bill 184, Protecting Tenants and Strengthening Community Housing Act, 2020/Loi de 2020 visant la protection des locataires et le renforcement du logement communautaire – July 21, 2020 [738-739].",7/21/2020,1,184,1,,,,
P42S1V204,"Bill 184, Protecting Tenants and Strengthening Community Housing Act, 2020/Loi de 2020 visant la protection des locataires et le renforcement du logement communautaire – on motion for Third Reading – July 21, 2020 [739-740].",7/21/2020,1,184,1,,,,
P42S1V205,"Bill 195, Reopening Ontario (A Flexible Response to COVID-19) Act, 2020/Loi de 2020 sur la réouverture de l’Ontario (mesures adaptables en réponse à la COVID-19) – on motion for Second Reading – July 21, 2020 [741].",7/21/2020,1,195,1,,,,
P42S1V206,"Bill 197, COVID-19 Economic Recovery Act, 2020/Loi de 2020 visant à favoriser la reprise économique face à la COVID-19, on motion for Second Reading – July 21, 2020 [742].",7/21/2020,1,197,1,,,,
P42S1V207,"Bill 195, Reopening Ontario (A Flexible Response to COVID-19) Act, 2020/Loi de 2020 sur la réouverture de l’Ontario (mesures adaptables en réponse à la COVID-19) – on motion for Third Reading – July 21, 2020 [742-743].",7/21/2020,1,195,1,,,,
P42S1V208,"Bill 197, COVID-19 Economic Recovery Act, 2020/Loi de 2020 visant à favoriser la reprise économique face à la COVID-19, on motion for Third Reading – July 21, 2020 [743-744].",7/21/2020,1,197,1,,,,
P42S1V209,"Private Members' Business: Peel Public Health Unit, Mr. Yarde – September 17, 2020 [771].",9/17/2020,0,,2,,,,
P42S1V210,"Private Members' Business: Class sizes, Ms. Horwath – September 17, 2020 [772].",9/17/2020,0,,2,,,,
P42S1V211,"Closure on Amendment to the motion, as amended, regarding amendments to the Standing Orders – September 22, 2020 [776].",9/22/2020,0,,3,,,,
P42S1V212," Amendment to the motion, as amended, regarding amendments to the Standing Orders – September 22, 2020 [776].",9/22/2020,0,,3,,,,
P42S1V213,"Bill 203, More Than a Visitor Act (Caregiving in Congregate Care Settings), 2020/Loi de 2020 déclarant que les aidants naturels sont plus que de simples visiteurs (prestation de soins dans les habitations collectives), on motion for Second Reading – September 24, 2020 [797].",9/24/2020,1,203,2,"Gretzky, Lisa",,,
P42S1V214,"Closure on Bill 204, Helping Tenants and Small Businesses Act, 2020/Loi de 2020 visant à soutenir les locataires et les petites entreprises – September 28, 2020 [800].",9/28/2020,1,204,1,,,,
P42S1V215,"Time Allocation on Bill 204, Helping Tenants and Small Businesses Act, 2020/Loi de 2020 visant à soutenir les locataires et les petites entreprises – September 30, 2020 [804-805].",9/30/2020,1,204,1,,,,
P42S1V216,"Private Members' Business: COVID-19 response, Ms. Hunter – October 5, 2020 [812].",10/5/2020,0,,2,,,,
P42S1V217,"Bill 196, Seniors’ Advocate Act, 2020/Loi de 2020 sur l’intervenant en faveur des aînés – on motion for Second Reading – October 19, 2020 [821].",10/19/2020,1,196,2,"Lindo, Laura Mae",,,
P42S1V218,"Opposition Day Matter: Non-profit long-term care, Ms. Horwath – October 20, 2020 [825-826].",10/20/2020,0,,4,,,,
P42S1V219,"Closure on Bill 218, Supporting Ontario’s Recovery and Municipal Elections Act, 2020/Loi de 2020 visant à soutenir la relance en Ontario et sur les élections municipals – October 27, 2020 [834-835].",10/27/2020,1,218,1,,,,
P42S1V220,"Bill 218, Supporting Ontario’s Recovery and Municipal Elections Act, 2020/Loi de 2020 visant à soutenir la relance en Ontario et sur les élections municipals – on motion for Second Reading – October 27, 2020 [835-836].",10/27/2020,1,218,1,,,,
P42S1V221,"Time Allocation on Bill 218, Supporting Ontario’s Recovery and Municipal Elections Act, 2020/Loi de 2020 visant à soutenir la relance en Ontario et sur les élections municipals – October 28, 2020 [840-841].",10/28/2020,1,218,1,,,,
P42S1V222,"Bill 13, Time to Care Act (Long-Term Care Homes Amendment, Minimum Standard of Daily Care), 2020/Loi de 2020 sur le temps alloué aux soins (modifiant la Loi sur les foyers de soins de longue durée et prévoyant une norme minimale en matière de soins quotidiens) – on motion for Second Reading – October 29, 2020 [844].",10/29/2020,1,13,2,"Armstrong, Teresa J.",,,
P42S1V223,"Bill 222, Ontario Rebuilding and Recovery Act, 2020/Loi de 2020 sur la reconstruction et la relance en Ontario – on motion for Second Reading – October 29, 2020 [844-845].",10/29/2020,1,222,1,,,,
P42S1V224,"Bill 205, Protecting Renters from Illegal Evictions Act, 2020/Loi de 2020 visant à protéger les locataires contre les expulsions illégales – on motion for Second Reading – November 16, 2020 [857].",11/16/2020,1,205,2,"Bell, Jessica",,,
P42S1V225,"Bill 218, Supporting Ontario’s Recovery and Municipal Elections Act, 2020/Loi de 2020 visant à soutenir la relance en Ontario et sur les élections municipals – on motion for Third Reading – November 16, 2020 [859].",11/16/2020,1,218,1,,,,
P42S1V226,"Bill 43, Freeing Highways 412 and 418 Act (Toll Highway Amendments), 2020/Loi de 2020 sur l’utilisation sans frais des autoroutes 412 et 418 (modifications concernant les voies publiques à péage), on motion for Second Reading – November 18, 2020 [863-864].",11/18/2020,1,43,2,"French, Jennifer K.",,,
P42S1V227,"Time Allocation on Bill 229, Protect, Support and Recover from COVID-19 Act (Budget Measures), 2020/Loi de 2020 sur la protection, le soutien et la relance face à la COVID-19 (mesures budgétaires) – November 23, 2020 [871-873].",11/23/2020,1,229,1,,,,
P42S1V228,"Private Members' Business: Designate Kingston an Area of High Physician Need, Mr. Arthur – November 23, 2020 [873-874].",11/23/2020,0,,2,,,,
P42S1V229,"Opposition Day Matter: Canada Christian College, Ms. Lindo – November 23, 2020 [876-877].",11/23/2020,0,,4,,,,
P42S1V230,"Bill 229, Protect, Support and Recover from COVID-19 Act (Budget Measures), 2020/Loi de 2020 sur la protection, le soutien et la relance face à la COVID-19 (mesures budgétaires) – on motion for Second Reading – November 23, 2020 [877-878].",11/23/2020,1,229,1,,,,
P42S1V231,"Bill 213, Better for People, Smarter for Business Act, 2020/Loi de 2020 pour mieux servir la population et faciliter les affaires, on motion for Second Reading – November 25, 2020 [878-879]",11/24/2020,1,213,1,,,,
P42S1V232,"Time Allocation on Bill 213, Better for People, Smarter for Business Act, 2020/Loi de 2020 pour mieux servir la population et faciliter les affaires – November 25, 2020 [885-886].",11/25/2020,1,213,1,,,,
P42S1V233,"On Budget Debate (2020-2021) Motion for approval – November 26, 2020 [891-892].",11/26/2020,0,,1,,,,
P42S1V234,"Closure on Amendment to the motion regarding the reappointment of the Chief Medical Officer of Health for the Province of Ontario – November 26, 2020 [892].",11/26/2020,0,,3,,,,
P42S1V235,Reappointment of Dr. David Williams as Chief Medical Officer of Health for the Province of Ontario,11/26/2020,0,,1,,,,
P42S1V236,"Bill 224, No Time to Waste Act (Plan for Climate Action and Jobs), 2020/Loi de 2020 sur la nécessité de ne pas gaspiller de temps (plan en matière d’action pour le climat et l’emploi), on motion for Second Reading – December 1, 2020 [901].",12/1/2020,1,224,2,"Karpoche, Bhutila","Tabuns, Peter",,
P42S1V237,"Bill 236, Supporting Local Restaurants Act, 2020/Loi de 2020 visant à soutenir les restaurants locaux – on motion for Third Reading – December 1, 2020 [902-903].",12/1/2020,1,236,1,,,,
P42S1V238,"Bill 227, An Act to amend the Health Protection and Promotion Act with respect to the positions of Chief Medical Officer of Health and Associate Chief Medical Officer of Health and related matters – on motion for Second Reading – December 2, 2020 [905]",12/2/2020,1,227,2,,,,
P42S1V239,"Closure on Bill 222, Ontario Rebuilding and Recovery Act, 2020/Loi de 2020 sur la reconstruction et la relance en Ontario – December 3, 2020 [909-910].",12/3/2020,1,222,1,,,,
P42S1V240,"Bill 222, Ontario Rebuilding and Recovery Act, 2020/Loi de 2020 sur la reconstruction et la relance en Ontario – on motion for Third Reading – December 3, 2020 [910].",12/3/2020,1,222,1,,,,
P42S1V241,"Bill 118, Occupiers’ Liability Amendment Act, 2020/Loi de 2020 modifiant la Loi sur la responsabilité des occupants – on motion for Third Reading – December 3, 2020 [910-911].",12/3/2020,1,118,2,"Miller, Norman",,,
P42S1V242,"Bill 213, Better for People, Smarter for Business Act, 2020/Loi de 2020 pour mieux servir la population et faciliter les affaires, on motion for Third Reading – December 7, 2020 [915].",12/7/2020,1,213,1,,,,
P42S1V243,"Closure on Bill 229, Protect, Support and Recover from COVID-19 Act (Budget Measures), 2020/Loi de 2020 sur la protection, le soutien et la relance face à la COVID-19 (mesures budgétaires) – December 8, 2020 [917-918].",12/8/2020,1,229,1,,,,
P42S1V244,"Bill 229, Protect, Support and Recover from COVID-19 Act (Budget Measures), 2020/Loi de 2020 sur la protection, le soutien et la relance face à la COVID-19 (mesures budgétaires) – on motion for Third Reading – December 8, 2020 [918].",12/8/2020,1,229,1,,,,
P42S1V245,"House shall stand adjourned until February 16, 2021 – December 8, 2020 [920-921].",12/8/2020,0,,3,,,,
P42S1V246,"Bill 244, No COVID-19 Evictions Act, 2021/Loi de 2021 interdisant les expulsions pendant la COVID-19, on motion for Second Reading – February 17, 2021 [932-933].",2/17/2021,1,244,2,"Morrison, Suze","Bell, Jessica",,
P42S1V247,"Opposition Day Matter: Long-Term Care COVID-19 Commission mandate extension and document requests, Ms. Horwath – February 22, 2021 [940-941].",2/22/2021,0,,4,,,,
P42S1V248,"Bill 238, Workplace Safety and Insurance Amendment Act, 2021/Loi de 2021 modifiant la Loi sur la sécurité professionnelle et l’assurance contre les accidents du travail – on motion for Second Reading – February 25, 2021 [946-947].",2/25/2021,1,238,1,,,,
P42S1V249,"Bill 252, Housing is a Human Right Act, 2021/Loi de 2021 sur le logement en tant que droit de la personne, on motion for Second Reading – February 25, 2021 [947].",2/25/2021,1,252,2,"Singh, Sara","Hassan, Faisal",,
P42S1V250,"Bill 239, Stay Home If You Are Sick Act, 2021/Loi de 2021 permettant aux employés maladies de rester chez eux – on motion for Second Reading – March 1, 2021 [950].",3/1/2021,1,239,2,"Sattler, Peggy",,,
P42S1V251,"Bill 245, Accelerating Access to Justice Act, 2021/Loi de 2021 visant à accélérer l’accès à la justice, on motion for Second Reading – March 2, 2021 [954].",3/2/2021,1,245,1,,,,
P42S1V252,"Pipelines and the closure of Line 5, motion: Amendment to amendment (Mr. Calandra) – March 4, 2021 [959-960].",3/4/2021,0,,3,,,,
P42S1V253,"Pipelines and the closure of Line 5, motion: Amendment, as amended (Mr. Natyshak) – March 4, 2021 [960].",3/4/2021,0,,3,,,,
P42S1V254,"Pipelines and the closure of Line 5, motion, as amended – March 4, 2021 [960-961].",3/4/2021,0,,3,,,,
P42S1V255,"Private Members' Business: Internet strategy for northern and rural communities, Mr. Mantha – March 8, 2020 [965-966].",3/8/2021,0,,2,,,,
P42S1V256,"Opposition Day Matter: Paid sick leave, Ms. Horwath – March 8, 2020 [967-968].",3/8/2021,0,,4,,,,
P42S1V257,Motion for Concurrence in Supply for the Ministry of Long-Term Care,3/9/2021,0,,1,,,,
P42S1V258,Motion for Concurrence in Supply for the Ministry of Education,3/9/2021,0,,1,,,,
P42S1V259,"Motion for Concurrence in Supply for the Ministry of Heritage, Sport, Tourism and Culture Industries.",3/9/2021,0,,1,,,,
P42S1V260,Motion for Concurrence in Supply for the Ministry of Health,3/9/2021,0,,1,,,,
P42S1V261,Motion for Concurrence in Supply for the Ministry of Infrastructure.,3/9/2021,0,,1,,,,
P42S1V262,"Motion for Concurrence in Supply for the Ministry of Energy, Northern Development and Mines.",3/9/2021,0,,1,,,,
P42S1V263,Motion for Concurrence in Supply for the Ministry of Municipal Affairs and Housing ,3/9/2021,0,,1,,,,
P42S1V264,Motion for Concurrence in Supply for the Ministry of Natural Resources and Forestry,3/9/2021,0,,1,,,,
P42S1V265,"Motion for Concurrence in Supply for the Ministry of Economic Development, Job Creation and Trade.",3/9/2021,0,,1,,,,
P42S1V266,Motion for Concurrence in Supply for the Ministry for Seniors and Accessibility,3/9/2021,0,,1,,,,
P42S1V267,"Private Members' Business: Youth Recovery Action Plan, Ms. Stiles – March 10, 2021 [980-981].",3/10/2021,0,,2,,,,
P42S1V268,"Bill 261, Supply Act, 2021/Loi de crédits de 2021 – on motion for Second Reading – March 11, 2021 [984-985].",3/11/2021,1,261,1,,,,
P42S1V269,"Bill 261, Supply Act, 2021/Loi de crédits de 2021 – on motion for Third Reading – March 11, 2021 [985].",3/11/2021,1,261,1,,,,
P42S1V270,"Closure on Bill 254, Protecting Ontario Elections Act, 2021/Loi de 2021 sur la protection des élections en Ontario – March 22, 2021 [989].",3/22/2021,1,254,1,,,,
P42S1V271,"Bill 254, Protecting Ontario Elections Act, 2021/Loi de 2021 sur la protection des élections en Ontario – on motion for Second Reading – March 22, 2021 [990].",3/22/2021,1,254,1,,,,
P42S1V272,"Standing Orders amendments regarding divisions, weekly meeting schedule, and the request to convene Committees – Amendment to amendment (Mr. Hatfield) – March 22, 2021 [990-991].",3/22/2021,0,,3,,,,
P42S1V273,"Private Members' Business: Rent relief program, Ms. Berns-McGown – March 22, 2021 [991-992].",3/22/2021,0,,2,,,,
P42S1V274,"Bill 256, Awenen Niin Act (Who Am I) Respecting Identity Documents, 2021/Loi Awenen Niin (Qui suis-je) de 2021 concernant les pièces d’identité, on motion for Second Reading – March 22, 2021 [992].",3/22/2021,1,256,2,"Monteith-Farrell, Judith",,,
P42S1V275,"Time Allocation on Bill 257, Supporting Broadband and Infrastructure Expansion Act, 2021/Loi de 2021 soutenant l’expansion de l’Internet et des infrastructures – March 23, 2021 [997-998].",3/23/2021,1,257,1,,,,
P42S1V276,"Standing Orders amendments regarding divisions, weekly meeting schedule, and the request to convene Committees – Amendment (Mr. Calandra) – March 23, 2021 [998-999].",3/23/2021,0,,3,,,,
P42S1V277,"Standing Orders amendments regarding divisions, weekly meeting schedule, and the request to convene Committees – (motion, as amended) – March 23, 2021 [999-1002].",3/23/2021,0,,3,,,,
P42S1V278,"Bill 257, Supporting Broadband and Infrastructure Expansion Act, 2021/Loi de 2021 soutenant l’expansion de l’Internet et des infrastructures – on motion for Second Reading – March 23, 2021 [1003-1004].",3/23/2021,1,257,1,,,,
P42S1V279,"Private Members' Business: Homelessness and supports, Mr. Glover – March 29, 2021 [1011].",3/29/2021,0,,2,,,,
P42S1V280,"Opposition Day Matter: Formal apology regarding COVID-19 response in long-term care, Ms. Horwath – March 29, 2021 [1012-1013].",3/29/2021,0,,4,,,,
P42S1V281,"Bill 266, Support Workers Pay Act, 2021/Loi de 2021 sur la rémunération des préposés aux services de soutien – on motion for Second Reading – March 31, 2021 [1016-1017].",3/31/2021,1,266,2,"West, Jamie",,,
P42S1V282,"Closure on Bill 269, Protecting the People of Ontario Act (Budget Measures), 2021/Loi de 2021 visant à protéger la population ontarienne (mesures budgétaires) – April 1, 2021 [1020-1021].",4/1/2021,1,269,1,,,,
P42S1V283,"Bill 269, Protecting the People of Ontario Act (Budget Measures), 2021/Loi de 2021 visant à protéger la population ontarienne (mesures budgétaires) – on motion for Second Reading – April 1, 2021 [1021].",4/1/2021,1,269,1,,,,
P42S1V284,"Bill 257, Supporting Broadband and Infrastructure Expansion Act, 2021/Loi de 2021 soutenant l’expansion de l’Internet et des infrastructures – on motion for Third Reading – April 12, 2021 [1026].",4/12/2021,1,257,1,,,,
P42S1V285,"Bill 267, Workplace Safety and Insurance Amendment Act (Access to Mental Health Support for Essential Workers), 2021/Loi de 2021 modifiant la Loi sur la sécurité professionnelle et l’assurance contre les accidents du travail (accès des travailleurs essentiels aux soutiens en matière de santé mentale) – on motion for Second Reading – April 12, 2021 [1027].",4/12/2021,1,267,2,"Taylor, Monique",,,
P42S1V286,"On Budget Debate (2021-2022) Motion for approval – April 13, 2021 [1029-1030].",4/13/2021,0,,1,,,,
P42S1V287,"Bill 238, Workplace Safety and Insurance Amendment Act, 2021/Loi de 2021 modifiant la Loi sur la sécurité professionnelle et l’assurance contre les accidents du travail – on motion for Third Reading – April 13, 2021 [1030-1031].",4/13/2021,1,238,1,,,,
P42S1V288,"Bill 274, Intimate Partner Violence Disclosure Act, 2021/Loi de 2021 sur la divulgation de la violence entre partenaires intimes, on motion for Second Reading – April 14, 2021 [1033].",4/14/2021,1,274,2,"Stevens, Jennifer (Jennie)",,,
P42S1V289,"Closure on Bill 254, Protecting Ontario Elections Act, 2021/Loi de 2021 sur la protection des élections en Ontario – April 15, 2021 [1037].",4/15/2021,1,254,1,,,,
P42S1V290,"Bill 254, Protecting Ontario Elections Act, 2021/Loi de 2021 sur la protection des élections en Ontario – on motion for Third Reading – April 15, 2021 [1037-1038].",4/15/2021,1,254,1,,,,
P42S1V291,"Closure on Bill 245, Accelerating Access to Justice Act, 2021/Loi de 2021 visant à accélérer l’accès à la justice – April 15, 2021 [1038].",4/15/2021,1,245,1,,,,
P42S1V292,"Bill 245, Accelerating Access to Justice Act, 2021/Loi de 2021 visant à accélérer l’accès à la justice, on motion for Third Reading – April 15, 2021 [1038-1039].",4/15/2021,1,245,1,,,,
P42S1V293,"Bill 265, Executive Council Amendment Act, 2021/Loi de 2021 modifiant la Loi sur le Conseil exécutif, on motion for Second Reading – April 19, 2021 [1042].",4/19/2021,1,265,1,,,,
P42S1V294,"Bill 176, Maternal Mental Health Act, 2021/Loi de 2021 sur la santé mentale maternelle, on motion for Second Reading – April 19, 2021 [1042-1043].",4/19/2021,1,176,2,"Karpoche, Bhutila",,,
P42S1V295,"Opposition Day Matter: Essential workplaces safety plan, Ms. Horwath – April 21, 2021 [1050-1051].",4/21/2021,0,,4,,,,
P42S1V296,"Closure on Bill 269, Protecting the People of Ontario Act (Budget Measures), 2021/Loi de 2021 visant à protéger la population ontarienne (mesures budgétaires) – April 26, 2021 [1055].",4/26/2021,1,269,1,,,,
P42S1V297,"Bill 269, Protecting the People of Ontario Act (Budget Measures), 2021/Loi de 2021 visant à protéger la population ontarienne (mesures budgétaires) – on motion for Third Reading – April 26, 2021 [1056].",4/26/2021,1,269,1,,,,
P42S1V298,"Bill 276, Supporting Recovery and Competitiveness Act, 2021/Loi de 2021 sur le soutien à la relance et à la compétitivité – on motion for Second Reading – April 26, 2021 [1056-1057].",4/26/2021,1,276,1,,,,
P42S1V299,"Bill 247, Paid Personal Emergency Leave Now Act, 2021/Loi de 2021 visant à accorder sans délai un congé d’urgence personnelle payé – on motion for Second Reading – April 26, 2021 [1057].",4/26/2021,1,247,2,"Coteau, Michael",,,
P42S1V300,"Bill 275, Supply Chain Management Amendment Act (Provincial Diverse Vendor Strategy), 2021/Loi de 2021 modifiant la Loi sur la gestion de la chaîne d’approvisionnement (Stratégie provinciale pour la diversité des fournisseurs) – on motion for Second Reading – April 26, 2021 [1057-1058].",4/26/2021,1,275,2,"Fife, Catherine",,,
P42S1V301,"Opposition Day Matter: Protections for Ontario workers, Ms. Horwath – April 28, 2021 [1066-1067].",4/28/2021,0,,4,,,,
P42S1V302,"Closure on Bill 283, Advancing Oversight and Planning in Ontario’s Health System Act, 2021/Loi de 2021 visant à faire progresser la surveillance et la planification dans le cadre du système de santé de l’Ontario – May 4, 2021 [1076].",5/4/2021,1,283,1,,,,
P42S1V303,"Bill 283, Advancing Oversight and Planning in Ontario’s Health System Act, 2021/Loi de 2021 visant à faire progresser la surveillance et la planification dans le cadre du système de santé de l’Ontario, on motion for Second Reading – May 4, 2021 [1076-1077].",5/4/2021,1,283,1,,,,
P42S1V304,"Bill 265, Executive Council Amendment Act, 2021/Loi de 2021 modifiant la Loi sur le Conseil exécutif, on motion for Third Reading – May 4, 2021 [1077].",5/4/2021,1,265,1,,,,
P42S1V305,"Bill 286, Inherent Right to Safe Drinking Water Act, 2021/Loi de 2021 sur le droit inhérent à de l’eau potable saine, on motion for Second Reading – May 10, 2021 [1087].",5/10/2021,1,286,2,"Mamakwa, Sol",,,
P42S1V306,"Bill 290, Long-Term Care Commission’s Recommendations Reporting Act, 2021/Loi de 2021 sur la communication des recommandations de la commission d’enquête sur les foyers de soins de longue durée, on motion for Introduction and First Reading – May 10, 2021 [1089].",5/10/2021,1,290,2,"Fraser, John",,,
P42S1V307,"Private Members' Business: Above guideline rent increases, Ms. Andrew – May 12, 2021 [1093-1094].",5/12/2021,0,,2,,,,
P42S1V308,"Bill 272, Ministry of Health and Long-Term Care Amendment Act (Advanced Glucose Monitoring Devices), 2021/Loi de 2021 modifiant la Loi sur le ministère de la Santé et des Soins de longue durée (appareils et accessoires avancés de surveillance de la glycémie), on motion for Second Reading – May 13, 2021 [1097-1098].",5/13/2021,1,272,2,"Natyshak, Taras",,,
P42S1V309,"Bill 277, Ministry of Health and Long-Term Care Amendment Act (Supporting Individuals in their Homes and Communities with Assistive Devices for Mental Health), 2021/Loi de 2021 modifiant la Loi sur le ministère de la Santé et des Soins de longue durée (Appuyer les particuliers à la maison et dans la collectivité grâce à des appareils et accessoires fonctionnels pour la santé mentale), on motion for Second Reading – May 17, 2021 [1100-1101].",5/17/2021,1,277,2,"Kernaghan, Terence",,,
P42S1V310,"Private Members' Business: Reopening of outdoor amenities and activities, Ms. Singh (Brampton Centre) – May 17, 2021 [1101-1102].",5/17/2021,0,,2,,,,
P42S1V311,"Bill 287, Equity Education for Young Ontarians Act, 2021/Loi de 2021 sur l’éducation en équité pour les jeunes de l’Ontario, on motion for Second Reading – May 20, 2021 [1108-1109].",5/20/2021,1,287,2,"Collard, Lucille",,,
P42S1V312,"Extension of the expiry date of the powers referred to in subsection 8 (1) of the Reopening Ontario (A Flexible Response to COVID-19) Act, 2020 – May 31, 2021 [1113-1114].",5/31/2021,0,,3,,,,
P42S1V313,"Bill 282, Moving Ontarians More Safely Act, 2021/Loi de 2021 visant à assurer à la population ontarienne des déplacements plus sûrs, on motion for Third Reading – May 31, 2021 [1114-1115].",5/31/2021,1,282,1,,,,
P42S1V314,"Bill 296, Retirement Home Justice and Accountability Act, 2021/Loi de 2021 sur la justice et la responsabilité dans les maisons de retraite – on motion for Second Reading – May 31, 2021 [1115].",5/31/2021,1,296,2,"Shaw, Sandy",,,
P42S1V315,"Bill 283, Advancing Oversight and Planning in Ontario’s Health System Act, 2021/Loi de 2021 visant à faire progresser la surveillance et la planification dans le cadre du système de santé de l’Ontario, on motion for Third Reading – June 1, 2021 [1118].",6/1/2021,1,283,1,,,,
P42S1V316,"Bill 288, Building Opportunities in the Skilled Trades Act, 2021/Loi de 2021 ouvrant des perspectives dans les métiers spécialisés, on motion for Third Reading – June 2, 2021 [1122-1123].",6/2/2021,1,288,1,,,,
P42S1V317,"Bill 276, Supporting Recovery and Competitiveness Act, 2021/Loi de 2021 sur le soutien à la relance et à la compétitivité – on motion for Third Reading – June 3, 2021 [1129].",6/3/2021,1,276,1,,,,
P42S1V318,"Bill 307, Protecting Elections and Defending Democracy Act, 2021/Loi de 2021 visant à protéger les élections et à défendre la démocratie – on motion for Introduction and First Reading – June 10, 2021 [1134-1135].",6/10/2021,1,307,1,,,,
P42S1V319,"Time Allocation on Bill 307, Protecting Elections and Defending Democracy Act, 2021/Loi de 2021 visant à protéger les élections et à défendre la démocratie – June 14, 2021 [1141-1142].",6/14/2021,1,307,1,,,,
P42S1V320,"Bill 307, Protecting Elections and Defending Democracy Act, 2021/Loi de 2021 visant à protéger les élections et à défendre la démocratie – on motion for Second Reading – June 14, 2021 [1143-1144].",6/14/2021,1,307,1,,,,
P42S1V321,"Bill 307, Protecting Elections and Defending Democracy Act, 2021/Loi de 2021 visant à protéger les élections et à défendre la démocratie – on motion for Third Reading – June 14, 2021 [1144-1145].",6/14/2021,1,307,1,,,,
P42S2V001,"Opposition Day Matter: Moratorium on for-profit long-term care provider licence issuance and renewal, Ms. Horwath – October 18, 2021 [32-33].",10/18/2021,0,,4,,,,
P42S2V002,"Time allocation on Bill 5, York Region Wastewater Act, 2021/Loi de 2021 sur les eaux usées dans la région de York – October 19, 2021 [35-36].",10/19/2021,1,5,1,,,,
P42S2V003,"Bill 5, York Region Wastewater Act, 2021/Loi de 2021 sur les eaux usées dans la région de York, on motion for Second Reading – October 19, 2021 [37].",10/19/2021,1,5,1,,,,
P42S2V004,"Bill 5, York Region Wastewater Act, 2021/Loi de 2021 sur les eaux usées dans la région de York, on motion for Third Reading – October 19, 2021 [37-38].",10/19/2021,1,5,1,,,,
P42S2V005,"Bill 12, Mandatory COVID-19 Vaccinations in the Education and Healthcare Sectors Act, 2021/Loi de 2021 sur la vaccination obligatoire contre la COVID-19 dans le secteur de l’éducation et celui des soins de santé, on motion for Second Reading – October 21, 2021 [45].",10/21/2021,1,12,2,"Fraser, John",,,
P42S2V006,"Private Members' Business: Mandatory COVID-19 vaccination for education, health care, residential and congregate care workers, Ms. Fife – October 25, 2021 [47].",10/25/2021,0,,2,,,,
P42S2V007,"Opposition Day Matter: Healthcare staff hiring and retention plan, Ms. Horwath – October 25, 2021 [48-50].",10/25/2021,0,,4,,,,
P42S2V008,"Bill 32, Carbon Budget Accountability Act, 2021/Loi de 2021 sur la responsabilité en matière de budget carbone, on motion for Second Reading – November 1, 2021 [58].",11/1/2021,1,32,2,"Schreiner, Mike",,,
P42S2V009,"Opposition Day Matter: Affordable home ownership plan, Ms. Horwath – November 1, 2021 [60-61].",11/1/2021,0,,4,,,,
P42S2V010,"Bill 3, Stopping Anti-Public Health Harassment Act, 2021/Loi de 2021 visant à mettre fin au harcèlement face à la prise de mesures de santé publique, on motion for Second Reading – November 4, 2021 [70].",11/4/2021,1,3,2,"Horwath, Andrea",,,
P42S2V011,"Opposition Day Matter: Cost of living, Ms. Horwath – November 15, 2021 [74-75].",11/15/2021,0,,2,,,,
P42S2V012,"Bill 37, Providing More Care, Protecting Seniors, and Building More Beds Act, 2021/Loi de 2021 visant à offrir davantage de soins, à protéger les personnes âgées et à ouvrir plus de lits, on motion for Second Reading – November 18, 2021 [83].",11/18/2021,1,37,1,,,,
P42S2V013,"Bill 28, Preventing Worker Misclassification Act, 2021/Loi de 2021 visant à empêcher la classification erronée des travailleurs, on motion for Second Reading – November 18, 2021 [83-84].",11/18/2021,1,28,2,"Sattler, Peggy",,,
P42S2V014,"Bill 43, Build Ontario Act (Budget Measures), 2021/Loi de 2021 visant à bâtir l’Ontario (mesures budgétaires), on motion for Second Reading – November 18, 2021 [84].",11/18/2021,1,43,1,,,,
P42S2V015,"Bill 8, Stay Home If You Are Sick Act, 2021/Loi de 2021 permettant aux employés malades de rester chez eux, on motion for Second Reading – November 24, 2021 [98].",11/24/2021,1,8,2,"Singh, Sara","Begum, Doly","Andrew, Jill",
P42S2V016,"Bill 14, Time to Care Act (Long-Term Care Homes Amendment, Minimum Standard of Daily Care), 2021/Loi de 2021 sur le temps alloué aux soins (modifiant la Loi sur les foyers de soins de longue durée et prévoyant une norme minimale en matière de soins quotidiens), on motion for Second Reading – November 24, 2021 [98-99].",11/24/2021,1,14,2,"Armstrong, Teresa J.",,,
P42S2V017,"Opposition Day Matter: Hospital funding in Brampton, Ms. Horwath – November 24, 2021 [100-101].",11/24/2021,0,,4,,,,
P42S2V018,"Bill 23, Rent Stabilization Act, 2021/Loi de 2021 sur la stabilisation des loyers, on motion for Second Reading – November 29, 2021 [104-105].",11/29/2021,1,23,2,"Bell, Jessica","Karpoche, Bhutila","Harden, Joel","Kernaghan, Terence"
P42S2V019,"Closure on Bill 27, Working for Workers Act, 2021/Loi de 2021 visant à oeuvrer pour les travailleurs – November 30, 2021 [108].",11/30/2021,1,27,1,,,,
P42S2V020,"Throne Speech Debate – November 30, 2021 [108-109].",11/30/2021,0,,1,,,,
P42S2V021,"Bill 37, Providing More Care, Protecting Seniors, and Building More Beds Act, 2021/Loi de 2021 visant à offrir davantage de soins, à protéger les personnes âgées et à ouvrir plus de lits, on motion for adoption of the Report of the Standing Committee on the Legislative Assembly – November 30, 2021 [110].",11/30/2021,1,37,1,,,,
P42S2V022,"Closure on Bill 13, Supporting People and Businesses Act, 2021/Loi de 2021 visant à soutenir la population et les entreprises – December 2, 2021 [116-117].",12/2/2021,1,13,1,,,,
P42S2V023,"Bill 13, Supporting People and Businesses Act, 2021/Loi de 2021 visant à soutenir la population et les entreprises, on motion for Third Reading – December 2, 2021 [117].",12/2/2021,1,13,1,,,,
P42S2V024,"Private Members' Business: Condominiums, Mr. Glover – December 2, 2021 [117-118].",12/2/2021,0,,2,,,,
P42S2V025,"Closure on Bill 37, Providing More Care, Protecting Seniors, and Building More Beds Act, 2021/Loi de 2021 visant à offrir davantage de soins, à protéger les personnes âgées et à ouvrir plus de lits – December 7, 2021 [124-125].",12/7/2021,1,37,1,,,,
P42S2V026,"Bill 37, Providing More Care, Protecting Seniors, and Building More Beds Act, 2021/Loi de 2021 visant à offrir davantage de soins, à protéger les personnes âgées et à ouvrir plus de lits, on motion for Third Reading – December 7, 2021 [125-126].",12/7/2021,1,37,1,,,,
P42S2V027,"Bill 52, Stopping Illegal Handgun Smuggling Act, 2021/Loi de 2021 visant à stopper la contrebande d’armes de poing illégales, on motion for Second Reading – December 8, 2021 [129].",12/8/2021,1,52,2,"Morrison, Suze","Tabuns, Peter","Berns-McGown, Rima","Begum, Doly"
P42S2V028,"Closure on Bill 43, Build Ontario Act (Budget Measures), 2021/Loi de 2021 visant à bâtir l’Ontario (mesures budgétaires) – December 9, 2021 [136-137].",12/9/2021,1,43,1,,,,
P42S2V029,"Bill 43, Build Ontario Act (Budget Measures), 2021/Loi de 2021 visant à bâtir l’Ontario (mesures budgétaires), on motion for Third Reading – December 9, 2021 [137].",12/9/2021,1,43,1,,,,
P42S2V030,"Bill 59, Making Northern Ontario Highways Safer Act, 2022/Loi de 2022 visant à accroître la sécurité des voies publiques dans le nord de l’Ontario, on motion for Second Reading – February 24, 2022 [154-155].",2/24/2022,1,59,2,"Bourgouin, Guy",,,
P42S2V031,"Opposition Day Matter: Allocation of funding for healthcare service backlog, Ms. Horwath – February 28, 2022 [158-159].",2/28/2022,0,,4,,,,
P42S2V032,"Closure on Third Reading of Bill 84, Fewer Fees, Better Services Act, 2022/Loi de 2022 pour de meilleurs services et moins de frais – March 3, 2022 [171]",3/3/2022,1,84,1,,,,
P42S2V033,"Bill 67, Racial Equity in the Education System Act, 2022/Loi de 2022 sur l’égalité raciale dans le système d’éducation, on motion for Second Reading – March 3, 2022 [173].",3/3/2022,1,67,2,"Lindo, Laura Mae",,,
P42S2V034,"Discharge Motion pursuant to S.O. 77(a): Second Reading of Bill 86, An Act to enact two new Acts and to amend various Acts to combat Islamophobia and hatred – March 3, 2022 [173].",3/3/2022,1,86,2,"Kernaghan, Terence","Hassan, Faisal","Armstrong, Teresa J.","Sattler, Peggy"
P42S2V035,"Discharge Motion pursuant to S.O. 77(a): Second Reading of Bill 88, An Act to enact, amend and repeal various statutes – March 3, 2022 [173-174].",3/3/2022,1,88,1,,,,
P42S2V036,"Motion: Standing Committees authorized to meet – March 3, 2022 [174-175].",3/3/2022,0,,3,,,,
P42S2V037,"Opposition Day Matter: Investment in public, not-for-profit home care, Ms. Horwath – March 7, 2022 [178-179].",3/7/2022,0,,4,,,,
P42S2V038,"Closure on Amendment to the amendment to the motion regarding amendments to the Standing Orders – March 9, 2022 [183].",3/9/2022,0,,3,,,,
P42S2V039,"Amendments to the Standing Orders – March 9, 2022 [183-195].",3/9/2022,0,,3,,,,
P42S2V040,"Bill 77, Ontario Consumer Watchdog Act, 2022/Loi de 2022 sur l’organisme ontarien de défense du consommateur, on motion for Second Reading – March 9, 2022 [195].",3/9/2022,1,77,2,"Rakocevic, Tom","Begum, Doly","Kernaghan, Terence","Hassan, Faisal"
P42S2V041,"Bill 96, Supply Act, 2022/Loi de crédits de 2022, on motion for Second Reading – March 10, 2022 [199-200].",3/10/2022,1,96,1,,,,
P42S2V042,"Bill 96, Supply Act, 2022/Loi de crédits de 2022, on motion for Third Reading – March 10, 2022 [200].",3/10/2022,1,96,1,,,,
P42S2V043,"Closure on Second Reading of Bill 88, Working for Workers Act, 2022/Loi de 2022 visant à oeuvrer pour les travailleurs – March 23, 2022 [210].",3/23/2022,1,88,1,,,,
P42S2V044,"Bill 88, Working for Workers Act, 2022/Loi de 2022 visant à oeuvrer pour les travailleurs, on motion for Second Reading – March 23, 2022 [210-211].",3/23/2022,1,88,1,,,,
P42S2V045,"Opposition Day Matter: Healthcare staff hiring and retention plan in Northern Ontario, Ms. Horwath – March 23, 2022 [212-213].",3/23/2022,0,,4,,,,
P42S2V046,"Bill 92, Ministry of Community and Social Services Amendment Act (Social Assistance Research Commission), 2022/Loi de 2022 modifiant la Loi sur le ministère des Services sociaux et communautaires (Commission de recherche sur l’aide sociale), on motion for Second Reading – March 24, 2022 [214-215].",3/24/2022,1,92,2,"Miller, Paul",,,
P42S2V047,"Bill 100, Keeping Ontario Open for Business Act, 2022/Loi de 2022 visant à ce que l’Ontario reste ouvert aux affaires, on motion for Second Reading – March 29, 2022 [219-220].",3/29/2022,1,100,1,,,,
P42S2V048,"Bill 89, Protecting Ontario’s Religious Diversity Act, 2022/Loi de 2022 sur la protection de la diversité religieuse en Ontario, on motion for Second Reading – March 30, 2022 [224-225].",3/30/2022,1,89,2,"Oosterhoff, Sam",,,
P42S2V049,"Bill 106, Pandemic and Emergency Preparedness Act, 2022/Loi de 2022 sur la préparation aux pandémies et aux situations d’urgence, on motion for Second Reading – March 31, 2022 [228-229].",3/31/2022,1,106,1,,,,
P42S2V050,"Private Members' Business: Accountability and care in long-term care and retirement homes, Ms. French – April 4, 2022 [231-232].",4/4/2022,0,,2,,,,
P42S2V051,"Bill 109, More Homes for Everyone Act, 2022/Loi de 2022 pour plus de logements pour tous, on motion for Second Reading – April 4, 2022 [232].",4/4/2022,1,109,1,,,,
P42S2V052,"Closure on Third Reading of Bill 88, Working for Workers Act, 2022/Loi de 2022 visant à oeuvrer pour les travailleurs – April 7, 2022 [240-241].",4/7/2022,1,88,1,,,,
P42S2V053,"Bill 88, Working for Workers Act, 2022/Loi de 2022 visant à oeuvrer pour les travailleurs, on motion for Third Reading – April 7, 2022 [241].",4/7/2022,1,88,1,,,,
P42S2V054,"Bill 111, Tax Relief at the Pumps Act, 2022/Loi de 2022 sur l’allègement de la taxe à la pompe, on motion for Second Reading – April 7, 2022 [242].",4/7/2022,1,111,1,,,,
P42S2V055,"Bill 103, Ending Automobile Insurance Discrimination in the Greater Toronto Area Act, 2022/Loi de 2022 mettant fin à la discrimination en matière d’assurance-automobile dans le Grand Toronto, on motion for Second Reading – April 11, 2022 [246-247].",4/11/2022,1,103,2,"Hassan, Faisal","Rakocevic, Tom","Yarde, Kevin","Singh, Gurratan"
P42S2V056,"Bill 111, Tax Relief at the Pumps Act, 2022/Loi de 2022 sur l’allègement de la taxe à la pompe, on motion for Third Reading – April 12, 2022 [251].",4/12/2022,1,111,1,,,,
P42S2V057,"Closure on Bill 106, Pandemic and Emergency Preparedness Act, 2022/Loi de 2022 sur la préparation aux pandémies et aux situations d’urgence – April 14, 2022 [260].",4/14/2022,1,106,1,,,,
P42S2V058,"Bill 106, Pandemic and Emergency Preparedness Act, 2022/Loi de 2022 sur la préparation aux pandémies et aux situations d’urgence, on motion for Third Reading – April 14, 2022 [260-261].",4/14/2022,1,106,1,,,,
P42S2V059,"Bill 91, Fairness in Petroleum Products Pricing Act, 2022/Loi de 2022 sur l’équité en matière d’établissement du prix des produits pétroliers, on motion for Second Reading – April 14, 2022 [261].",4/14/2022,1,91,2,"Bisson, Gilles",,,
P42S2V060,"Bill 109, More Homes for Everyone Act, 2022/Loi de 2022 pour plus de logements pour tous, on motion for Third Reading – April 14, 2022 [261-262].",4/14/2022,1,109,1,,,,
P42S2V061,"Motion: House shall stand adjourned until 9:00 a.m. on Thursday, April 28, 2022 – April 14, 2022 [262-263].",4/14/2022,0,,3,,,,
P42S2V062,"Bill 78, Police Services Amendment Act, 2022/Loi de 2022 modifiant la Loi sur les services policiers, on motion for Third Reading – April 28, 2022 [268-269].",4/28/2022,1,78,2,"Harris, Mike",,,
P42S2V063,"Private Bill: Bill Pr65, Ross Memorial Hospital Act, 2022, on motion for Second Reading – April 28, 2022 [269].",4/28/2022,1,Pr65,2,"Scott, Laurie",,,
P42S2V064,"Private Bill: Bill Pr65, Ross Memorial Hospital Act, 2022, on motion for Third Reading – April 28, 2022 [269-270].",4/28/2022,1,Pr65,2,"Scott, Laurie",,,
